Battery_ID,True_SOH,Pred_SOH,Risk
B0005,92.35129974664596,84.28601963412025,0.267047643661499
B0005,92.35129974664596,84.34346540704989,0.21192394196987152
B0005,92.3708655641822,84.08261092818272,0.46223416924476624
B0005,92.3708655641822,85.65077922348141,-1.0425456762313843
B0005,91.80887106739472,83.90403493300569,0.6335917711257935
B0005,91.80887106739472,84.36721662528306,0.18913279473781586
B0005,91.2890373788812,83.48531625832304,1.035385012626648
B0005,91.2890373788812,84.27605333046026,0.2766110897064209
B0005,91.25568217539184,84.89059088336111,-0.3130856454372406
B0005,91.25568217539184,83.90580286364222,0.6318953037261963
B0005,91.2790752110188,83.87845640174231,0.6581363677978516
B0005,91.2790752110188,84.84596457971267,-0.2702632248401642
B0005,90.70155637541951,84.49493456629894,0.06657746434211731
B0005,90.70155637541951,84.32914275881355,0.22566764056682587
B0005,90.7384597057947,83.82416859506748,0.710229754447937
B0005,90.7384597057947,84.88905470556011,-0.3116115629673004
B0005,90.6984694355176,85.4644701933585,-0.8637676239013672
B0005,90.6984694355176,84.28238445020338,0.2705358862876892
B0005,90.13828325839116,85.36891808309501,-0.7720779180526733
B0005,90.13828325839116,86.20941412265792,-1.578599452972412
B0005,90.2038520058676,84.90626448105336,-0.3281256854534149
B0005,90.2038520058676,84.80588724072715,-0.23180589079856873
B0005,92.59012758352245,84.84614309958651,-0.27043452858924866
B0005,91.53519228369714,83.58148529947971,0.9431033134460449
B0005,91.53519228369714,83.88824940322831,0.648739218711853
B0005,90.99520544750634,83.12189836947414,1.38411283493042
B0005,90.99520544750634,85.08462968736752,-0.49928101897239685
B0005,90.4653981851426,84.4585411718778,0.1014997661113739
B0005,90.4653981851426,84.16574199334761,0.3824634253978729
B0005,90.230495229026,83.01196255146284,1.4896048307418823
B0005,90.230495229026,84.10668017764557,0.43913784623146057
B0005,89.96885325986096,83.65912877304581,0.8685983419418335
B0005,89.96885325986096,85.36784547308055,-0.7710486650466919
B0005,89.42216167685231,84.11118559936084,0.43481454253196716
B0005,89.42216167685231,84.26221909620028,0.28988611698150635
B0005,89.14615242126361,83.66121535606676,0.8665961027145386
B0005,89.14615242126361,84.22766062395497,0.3230476677417755
B0005,88.65168579009143,83.86166596781773,0.6742480993270874
B0005,88.65168579009143,84.72823556791839,-0.15729305148124695
B0005,88.65188775394685,82.91309819563467,1.584472894668579
B0005,88.65188775394685,83.81222341661939,0.7216920852661133
B0005,88.39360553331026,83.97017859607621,0.5701217651367188
B0005,88.39360553331026,84.01508721455647,0.5270284414291382
B0005,88.11575352046543,83.90849271215197,0.6293141841888428
B0005,88.11575352046543,84.19095826716344,0.3582664430141449
B0005,88.11575352046543,83.59571831508627,0.9294456243515015
B0005,88.13341798715734,83.67309021979766,0.855201244354248
B0005,87.58652435332071,83.05272347124576,1.4504915475845337
B0005,87.58652435332071,83.70566407157348,0.823944091796875
B0005,87.09248023980004,83.86689273653889,0.6692326068878174
B0005,87.09248023980004,84.81184740685627,-0.23752513527870178
B0005,86.8045675592357,83.09829908569169,1.406758189201355
B0005,89.68120074286804,83.80881240745016,0.7249652147293091
B0005,89.15945111636637,83.2638183149459,1.247929573059082
B0005,89.15945111636637,83.56396724488629,0.9599132537841797
B0005,88.36821038139479,83.33006831970884,1.1843575239181519
B0005,88.36821038139479,84.05965497437015,0.4842621982097626
B0005,87.85088925176532,83.10009670752505,1.4050332307815552
B0005,87.85088925176532,83.57873259010971,0.9457447528839111
B0005,87.34353089918953,83.72062905593211,0.8095840215682983
B0005,87.34353089918953,83.25019800638026,1.260999321937561
B0005,87.08586253728572,83.28963412732205,1.223157286643982
B0005,87.08586253728572,83.46867875269679,1.0513499975204468
B0005,86.82112528239094,83.97767171000167,0.5629315376281738
B0005,86.82112528239094,84.50288776954436,0.05894574522972107
B0005,86.31608619617913,83.62797152678249,0.898496150970459
B0005,86.31608619617913,83.8117765578955,0.7221208810806274
B0005,85.79032694665067,83.6623478453987,0.8655093908309937
B0005,85.79032694665067,84.6722933776945,-0.10361215472221375
B0005,85.52666755675959,83.7806434124363,0.7519955635070801
B0005,85.52666755675959,83.79540291880512,0.7378326654434204
B0005,85.30072498242605,83.09410032807426,1.4107872247695923
B0005,85.30072498242605,84.11343790646788,0.4326532781124115
B0005,85.01555136321294,83.00834159198965,1.493079423904419
B0005,85.01555136321294,84.02482567865582,0.5176836252212524
B0005,84.72899300898948,82.68464021333463,1.8036961555480957
B0005,84.72899300898948,83.96363361275422,0.5764021873474121
B0005,84.24514543304643,82.54115334290196,1.9413830041885376
B0005,84.24514543304643,83.91437691105573,0.62366783618927
B0005,83.72370795579859,82.997364172635,1.5036131143569946
B0005,83.72370795579859,84.09852696257211,0.44696149230003357
B0005,83.72846239939551,82.88455663200449,1.611860752105713
B0005,83.72846239939551,83.38130874120245,1.135188341140747
B0005,83.18581879907026,83.6928142433541,0.8362745046615601
B0005,82.9506934374123,84.01731653893793,0.5248892307281494
B0005,82.69270286667508,83.72647176169887,0.8039774894714355
B0005,82.69270286667508,83.56282730169741,0.9610071182250977
B0005,82.13268910650655,83.15279187343253,1.3544681072235107
B0005,82.13268910650655,83.9216223084687,0.6167153120040894
B0005,81.89289215111849,83.623890043181,0.9024126529693604
B0005,81.89289215111849,83.06698978074668,1.4368019104003906
B0005,81.63675203549555,83.62917780929817,0.8973386287689209
B0005,81.63675203549555,82.96450421698341,1.5351448059082031
B0005,81.38764457766808,83.2793111566072,1.233062982559204
B0005,81.38764457766808,82.88841984182842,1.6081537008285522
B0005,81.10627427605796,82.87820793358208,1.617952823638916
B0005,81.10627427605796,84.01154389942646,0.5304285287857056
B0005,80.56628301882924,83.29772280441745,1.2153955698013306
B0005,80.56628301882924,84.02711935466891,0.5154826641082764
B0005,80.32815698744193,82.66716079456639,1.8204690217971802
B0005,80.32815698744193,83.97503304464294,0.5654635429382324
B0005,80.07571116958798,82.75356242581255,1.7375599145889282
B0005,80.07571116958798,83.83328640134516,0.701480507850647
B0005,79.5184615700164,83.09683812973037,1.4081600904464722
B0005,79.5184615700164,83.07055906014506,1.4333769083023071
B0005,79.28944984121105,83.92871875297371,0.6099057197570801
B0005,79.28944984121105,82.98311537969789,1.517285943031311
B0005,79.24715353687058,83.11703348550768,1.3887810707092285
B0005,79.77631946247968,83.09158179404332,1.4132039546966553
B0005,78.73650873900519,81.72624291576655,2.723353147506714
B0005,78.73650873900519,82.35195967014111,2.122929096221924
B0005,78.24509975468973,82.28117386919585,2.1908535957336426
B0005,78.24509975468973,82.91833949937688,1.5794434547424316
B0005,77.98829736685181,82.21117221400127,2.258025646209717
B0005,77.98829736685181,82.41120019206342,2.0660831928253174
B0005,77.97407834092117,81.94908615609141,2.5095176696777344
B0005,77.97407834092117,82.04767782498632,2.4149112701416016
B0005,77.7344676795305,82.26214317856629,2.2091150283813477
B0005,77.7344676795305,82.94697659660692,1.5519639253616333
B0005,77.44370539945209,81.81820686352738,2.6351065635681152
B0005,77.44370539945209,82.10162859309627,2.3631412982940674
B0005,76.9118299471279,81.91029752685628,2.546738386154175
B0005,76.9118299471279,82.80444108678239,1.6887378692626953
B0005,76.39571291255139,81.80731876622512,2.645554542541504
B0005,76.39571291255139,82.09022791889807,2.3740811347961426
B0005,76.42626314878223,81.73852314508433,2.711569309234619
B0005,76.42626314878223,82.37360616763476,2.1021575927734375
B0005,76.1323662642189,82.3832390354274,2.09291410446167
B0005,76.1323662642189,82.27823481340222,2.193673849105835
B0005,75.87429969244934,82.09471737693636,2.3697731494903564
B0005,75.87429969244934,82.19502591754774,2.273519277572632
B0005,80.29094495653295,81.63729057467361,2.8087098598480225
B0005,80.29094495653295,82.31444813506266,2.1589243412017822
B0005,78.19245723372212,82.00442060851235,2.4564199447631836
B0005,77.40457623883893,81.69490665270558,2.753422737121582
B0005,77.40457623883893,82.90141377794873,1.5956850051879883
B0005,76.61877815934297,81.94436637387349,2.5140466690063477
B0005,76.61877815934297,83.0398521510722,1.462842583656311
B0005,76.34764134244853,82.55470097636238,1.9283829927444458
B0005,76.34764134244853,82.37489667873395,2.100919246673584
B0005,75.84786508568163,81.99542852395514,2.4650485515594482
B0005,75.84786508568163,82.52023160876531,1.9614590406417847
B0005,75.59487980071347,81.99087496274711,2.4694180488586426
B0005,75.59487980071347,82.08685256401122,2.3773200511932373
B0005,75.32819480340552,81.92238494974107,2.535139560699463
B0005,75.32819480340552,82.8534642342966,1.6416963338851929
B0005,75.07726763335681,82.13957568188223,2.326728105545044
B0005,75.07726763335681,82.42223860881407,2.0554909706115723
B0005,74.54222025200119,82.04145186674161,2.4208855628967285
B0005,74.54222025200119,82.12399761778985,2.3416764736175537
B0005,74.29341922806006,82.02185493144607,2.439690351486206
B0005,74.29341922806006,82.18605793379464,2.2821247577667236
B0005,74.02068389880529,82.17093182189505,2.2966394424438477
B0005,74.02068389880529,82.68219708748978,1.8060405254364014
B0005,73.76047934515816,81.75774689060879,2.693122625350952
B0005,73.76047934515816,82.10331788554203,2.361520290374756
B0005,74.29517994152012,81.67435313910204,2.7731454372406006
B0005,74.29517994152012,82.16045294133912,2.306694746017456
B0005,74.80459149068348,82.03350903678043,2.4285073280334473
B0005,74.04002973464492,82.25140390994105,2.2194201946258545
B0005,74.04002973464492,82.34430182597715,2.130277395248413
B0005,73.48771634233412,81.87927109578236,2.5765106678009033
B0005,73.48771634233412,82.19180957827572,2.2766056060791016
B0005,72.69506137422964,81.76643262164552,2.6847879886627197
B0005,72.69506137422964,81.91693866493287,2.540365695953369
B0005,72.70731033617847,81.95545249530859,2.503408670425415
B0005,72.70731033617847,82.30087615233622,2.171947717666626
B0005,72.75118759533416,82.50287132747724,1.97811758518219
B0005,72.75118759533416,82.23762943076758,2.232637882232666
B0005,72.4521081880618,82.13848890953957,2.327770948410034
B0005,72.4521081880618,82.43989033590871,2.038552761077881
B0005,71.93354685740283,82.31980099819715,2.153787851333618
B0005,71.93354685740283,82.20023641201456,2.268519401550293
B0005,71.67227160784894,81.72131368016845,2.7280831336975098
B0005,71.67227160784894,82.13712460525664,2.329080104827881
B0005,71.66979450419048,81.37348416658071,3.0618526935577393
B0005,71.66979450419048,82.76256991500745,1.7289165258407593
B0005,71.403243672388,82.0240548130926,2.437579393386841
B0005,71.403243672388,81.9163873279808,2.5408947467803955
B0005,71.14601590870593,82.03826459751168,2.4239439964294434
B0005,71.14601590870593,82.24855504581646,2.222153902053833
B0005,70.8714516365654,81.54136415656052,2.900758743286133
B0005,70.8714516365654,81.87975261494104,2.5760486125946045
B0005,70.6204614397223,81.89671436334442,2.559772491455078
B0005,70.6204614397223,82.04069256718076,2.421614170074463
B0005,70.62893964700964,81.57236598990653,2.8710100650787354
B0005,70.62893964700964,82.0660903424132,2.397243022918701
B0005,70.37991865734948,82.27179492946317,2.1998534202575684
B0005,70.37991865734948,81.95993797795653,2.4991044998168945
B0005,70.37991865734948,81.90570197558746,2.5511481761932373
B0005,71.91275088396453,82.5570802474994,1.9260998964309692
B0005,70.86773587242763,81.54768800879312,2.89469051361084
B0005,70.86773587242763,81.97595209268023,2.4837377071380615
B0005,70.34908318388216,82.00429588063946,2.4565396308898926
B0005,70.34908318388216,81.78077309702306,2.671027183532715
B0005,70.06018891793812,81.81234738658249,2.6407291889190674
B0005,70.06018891793812,81.95366630272254,2.505122661590576
B0005,69.83504116363164,82.13995881012924,2.3263604640960693
B0005,69.83504116363164,81.9494690358765,2.509150266647339
B0005,69.5642394426363,81.58769459825314,2.8563010692596436
B0005,69.5642394426363,81.8225154413038,2.630972146987915
B0005,69.31143838989175,81.10440415469884,3.3200559616088867
B0005,69.31143838989175,82.2024618852366,2.2663838863372803
B0005,69.02183380987069,81.87208060844888,2.5834105014801025
B0005,69.02183380987069,81.70200346990343,2.746612787246704
B0005,68.76182075128112,81.67219773213529,2.7752137184143066
B0005,68.76182075128112,82.30832702773898,2.1647980213165283
B0005,68.52564012447505,81.25070398651181,3.1796698570251465
B0005,68.52564012447505,81.69780669998119,2.7506399154663086
B0005,68.52542783135199,81.28151922497229,3.1501002311706543
B0005,68.52542783135199,81.70609588582843,2.7426857948303223
B0005,68.23677554340759,81.56123837533443,2.881687879562378
B0005,68.23677554340759,81.6901940758827,2.7579448223114014
B0005,68.23677554340759,81.52333128891406,2.918062686920166
B0005,68.49250017919469,83.01630827429305,1.4854347705841064
B0005,68.23913974630379,82.11279621003398,2.3524250984191895
B0005,68.23913974630379,82.61391329785924,1.8715641498565674
B0005,67.71610233129982,82.16871181483478,2.29876971244812
B0005,67.71610233129982,82.39829110568132,2.078470468521118
B0005,67.73208509189482,82.1119305687807,2.3532557487487793
B0005,67.73208509189482,82.38931268652853,2.0870859622955322
B0005,67.73519606596203,81.91660845907018,2.540682554244995
B0005,67.73519606596203,82.23601318611989,2.2341887950897217
B0005,67.4657498751729,81.72739329435514,2.7222492694854736
B0005,67.4657498751729,81.90613131774752,2.55073618888855
B0005,67.20945968985276,82.513250574812,1.9681578874588013
B0005,67.20945968985276,82.98548993005885,1.5150073766708374
B0005,66.94956895347877,82.55874854491476,1.9244990348815918
B0005,66.94956895347877,82.96061752751011,1.5388743877410889
B0005,66.94572615103486,81.84042457492497,2.6137869358062744
B0005,66.94572615103486,83.15091536494648,1.3562687635421753
B0005,66.70033379880827,81.92685055543716,2.5308544635772705
B0005,66.70033379880827,82.72334685014336,1.7665541172027588
B0005,66.43222154587457,82.1612480194133,2.305931806564331
B0005,66.43222154587457,82.1722123945183,2.295410633087158
B0005,66.1585449613811,81.88923739944235,2.5669472217559814
B0005,66.1585449613811,81.90619119706498,2.5506787300109863
B0005,65.90845794222598,81.90128854689,2.5553832054138184
B0005,65.90845794222598,82.95230983125145,1.5468462705612183
B0005,65.92332218320168,82.32343276576292,2.1503028869628906
B0005,65.92332218320168,82.18418428262044,2.2839226722717285
B0005,65.9146520051351,81.92025240126895,2.5371859073638916
B0005,65.9146520051351,82.79407538062108,1.698684573173523
B0005,66.19362111221339,82.13721852385416,2.3289899826049805
B0005,66.19362111221339,82.02407916235863,2.437556028366089
B0005,68.00608383277392,81.96216916580222,2.4969635009765625
B0005,66.97653433973677,81.39140820791576,3.0446531772613525
B0005,66.97653433973677,81.70405700749193,2.7446422576904297
B0005,66.45143282560349,82.07414647099995,2.389512538909912
B0005,66.45143282560349,82.56845234857933,1.9151874780654907
B0005,66.18370637499478,81.89330248455855,2.563046455383301
B0005,66.18370637499478,82.01483911282703,2.446422576904297
B0005,65.93169483766465,81.11608981469428,3.308842658996582
B0005,65.93169483766465,82.14982398979666,2.316894054412842
B0005,65.67375660662135,82.02234067445703,2.4392242431640625
B0005,65.67375660662135,81.82894613215262,2.6248013973236084
B0005,65.66010317221101,81.64712121813719,2.79927659034729
B0005,65.66010317221101,82.36276975040734,2.112555980682373
B0005,65.38979973472176,81.83767261094067,2.6164276599884033
B0005,65.38979973472176,82.7942361354692,1.6985303163528442
B0005,65.1516459320296,81.92274820103623,2.5347909927368164
B0005,65.1516459320296,83.03515709081314,1.4673478603363037
B0005,65.16786779519103,81.3346545411324,3.0991127490997314
B0005,65.16786779519103,82.38440258249659,2.0917975902557373
B0005,65.17050219327821,82.1014728074861,2.363290786743164
B0005,65.17050219327821,81.79252683557858,2.6597485542297363
B0005,64.89435403247853,81.60788386671395,2.836927890777588
B0005,64.89435403247853,82.37970218030674,2.0963079929351807
B0005,64.90367528459451,81.5719048446235,2.871452569961548
B0005,64.90367528459451,81.66139237264512,2.7855823040008545
B0005,64.67318069221216,82.01607670154189,2.445235013961792
B0005,64.67318069221216,81.61981003782681,2.825483798980713
B0005,64.4001696309559,81.85819283064986,2.5967369079589844
B0005,64.4001696309559,81.79616083930144,2.656261444091797
B0005,64.37262610689703,81.47306794383508,2.966294288635254
B0005,64.37262610689703,81.85678107014436,2.5980916023254395
B0005,64.37262610689703,81.75446818740033,2.6962687969207764
B0005,66.25396643214678,83.44518568637582,1.073893427848816
B0006,98.98132741254088,81.74226821127567,2.7079756259918213
B0006,98.98132741254088,82.2729823288746,2.198714017868042
B0006,97.87749540442012,81.87813164951729,2.577604055404663
B0006,97.87749540442012,82.26046084305368,2.2107293605804443
B0006,97.29075085393777,81.62256697104907,2.822838306427002
B0006,97.29075085393777,82.43385146947332,2.0443475246429443
B0006,96.21230560840048,81.80496682589691,2.6478114128112793
B0006,96.21230560840048,81.87999088990139,2.575819969177246
B0006,97.2990566571082,81.9687981292458,2.490602493286133
B0006,97.2990566571082,81.69704913965363,2.7513668537139893
B0006,95.07039652765395,81.6172389541044,2.827950954437256
B0006,95.07039652765395,82.27015706863034,2.201425075531006
B0006,93.93371068400424,81.66626669816371,2.78090500831604
B0006,93.93371068400424,81.69023358132452,2.757906913757324
B0006,93.4153066413211,81.93200315828172,2.5259101390838623
B0006,93.4153066413211,81.78182781778085,2.6700150966644287
B0006,92.801220350415,81.74905768110547,2.701460599899292
B0006,92.801220350415,81.6727431060018,2.7746903896331787
B0006,92.25998980927888,81.40841393407513,3.028334856033325
B0006,92.25998980927888,81.87802804090573,2.5777034759521484
B0006,92.86144454426584,82.30611521992134,2.1669204235076904
B0006,92.86144454426584,82.20716725666443,2.261868715286255
B0006,96.23880444545316,81.73328879827527,2.7165920734405518
B0006,94.11158763046276,81.51269637428607,2.92826771736145
B0006,94.11158763046276,81.8142210377567,2.6389312744140625
B0006,92.76383439427936,81.68976125525607,2.7583601474761963
B0006,92.76383439427936,82.02555850450042,2.436136484146118
B0006,91.96254458590938,81.83457404260841,2.619400978088379
B0006,91.96254458590938,81.87344416734612,2.582102060317993
B0006,90.92698036997214,82.0030438811345,2.4577410221099854
B0006,90.92698036997214,81.58523507392302,2.85866117477417
B0006,90.67385029783529,81.74408148620861,2.706235647201538
B0006,90.67385029783529,81.87170866098731,2.5837674140930176
B0006,89.85509225152718,81.73843444418668,2.7116544246673584
B0006,89.85509225152718,81.40486887971183,3.0317366123199463
B0006,89.05023147060238,81.7808632886921,2.670940637588501
B0006,89.05023147060238,81.6518000041419,2.7947869300842285
B0006,88.55065211341164,81.35711673903779,3.0775585174560547
B0006,88.55065211341164,81.52661347058908,2.9149131774902344
B0006,88.02356224085472,81.72987070794194,2.719871997833252
B0006,88.02356224085472,81.78165339752833,2.670182466506958
B0006,87.51456894003293,81.57409106086563,2.869354724884033
B0006,87.51456894003293,81.77706753627353,2.6745829582214355
B0006,86.97462518866288,81.7955776992264,2.6568210124969482
B0006,86.97462518866288,81.57710788523339,2.866459846496582
B0006,86.97462518866288,81.45874113386195,2.980041980743408
B0006,88.29695470921088,81.65207082761093,2.794527053833008
B0006,86.68943709812419,81.53255643073177,2.909210443496704
B0006,86.68943709812419,81.94961289531555,2.509012222290039
B0006,85.6662956020367,81.23886924937747,3.191026210784912
B0006,85.6662956020367,81.53101944542959,2.9106853008270264
B0006,85.12038906836733,81.55012964386658,2.892347574234009
B0006,91.1859730890915,81.43559044803668,3.0022568702697754
B0006,90.40642025157354,81.68942458938403,2.758683204650879
B0006,90.40642025157354,81.63639536645445,2.8095688819885254
B0006,88.78805472517142,81.35639818722824,3.0782480239868164
B0006,88.78805472517142,81.09233213645173,3.3316400051116943
B0006,87.237049209184,81.37635439842855,3.059098482131958
B0006,87.237049209184,81.55740634747872,2.8853650093078613
B0006,86.46035170661865,81.38352426342446,3.052218437194824
B0006,86.46035170661865,81.82305982132273,2.6304497718811035
B0006,85.40543276276622,81.27226153464592,3.1589837074279785
B0006,85.40543276276622,81.67954698662169,2.7681615352630615
B0006,84.87977118730883,81.60940718661172,2.835466146469116
B0006,84.87977118730883,81.2323906053823,3.1972429752349854
B0006,84.10317262014732,81.46539022271926,2.9736616611480713
B0006,84.10317262014732,81.35295649301457,3.0815505981445312
B0006,83.57384161147543,81.75098077619741,2.699615240097046
B0006,83.57384161147543,81.48345986272666,2.956322431564331
B0006,83.03795693523827,81.46759557052755,2.971545457839966
B0006,83.03795693523827,81.2919618300911,3.1400797367095947
B0006,82.55605075190346,81.28109311281689,3.1505091190338135
B0006,82.55605075190346,81.02320705483395,3.3979709148406982
B0006,82.00674628095463,81.23143303322671,3.1981618404388428
B0006,82.00674628095463,81.2677189057614,3.1633427143096924
B0006,81.45999708082721,80.9111778210995,3.505471706390381
B0006,81.45999708082721,81.39650590068082,3.039761543273926
B0006,80.44248151480832,80.97222888487389,3.4468884468078613
B0006,80.44248151480832,81.32046711828414,3.1127266883850098
B0006,80.17622449484624,80.90472775022263,3.5116610527038574
B0006,80.17622449484624,81.14201954685073,3.283961057662964
B0006,79.94856072013991,81.10049684288799,3.323805332183838
B0006,79.94856072013991,81.2122850685812,3.216535806655884
B0006,79.38136561787802,80.89269250433645,3.523209810256958
B0006,79.14859872343084,81.28473730347757,3.147012233734131
B0006,78.35688183567815,81.16164505526456,3.2651288509368896
B0006,78.35688183567815,81.33549136080548,3.0983097553253174
B0006,78.06723069856942,81.03594370865869,3.385749101638794
B0006,78.06723069856942,81.38633312518344,3.049523115158081
B0006,77.5585594639521,80.89772609393178,3.5183796882629395
B0006,77.5585594639521,81.29312637100789,3.1389622688293457
B0006,77.03370803147585,81.19008301028319,3.237840414047241
B0006,77.03370803147585,81.2931932072585,3.1388981342315674
B0006,76.26569372312217,80.83932487630155,3.574420213699341
B0006,76.26569372312217,81.21225922854379,3.2165606021881104
B0006,76.50785159033714,81.19529350475003,3.2328405380249023
B0006,76.50785159033714,81.10412463506339,3.320324182510376
B0006,76.23283417237043,80.82430013685641,3.5888376235961914
B0006,76.23283417237043,81.13645996341695,3.2892959117889404
B0006,75.72746493327713,81.20057207777697,3.2277753353118896
B0006,75.72746493327713,80.77923635392074,3.632079839706421
B0006,75.4695752301041,81.42490509564334,3.012510299682617
B0006,75.4695752301041,80.84093416401609,3.5728759765625
B0006,75.19987166525353,81.18335714669934,3.2442944049835205
B0006,75.19987166525353,81.05437013995189,3.368067502975464
B0006,74.67600959020095,80.61671991093704,3.788027048110962
B0006,74.67600959020095,81.57507521844434,2.868410348892212
B0006,74.3816151224871,80.80557232128074,3.6068084239959717
B0006,76.51438107200852,81.15533561382205,3.2711832523345947
B0006,75.20380044180057,81.10294245335182,3.321458578109741
B0006,75.20380044180057,81.01381469815877,3.4069836139678955
B0006,74.43796804365446,80.73018898137147,3.6791446208953857
B0006,74.43796804365446,80.91235677280639,3.504340410232544
B0006,73.91389642773318,81.07215156415737,3.3510048389434814
B0006,73.91389642773318,80.89238143003993,3.523508310317993
B0006,73.9229991107842,80.97381233255102,3.445369005203247
B0006,73.9229991107842,81.03426311237938,3.387361764907837
B0006,73.66074224499864,80.51770983220558,3.8830349445343018
B0006,73.66074224499864,80.90863580741917,3.507910966873169
B0006,73.37582467533949,80.93451162334374,3.483081102371216
B0006,73.37582467533949,81.15290068721984,3.27351975440979
B0006,72.58146328760667,81.08280138649927,3.340785503387451
B0006,72.58146328760667,81.06966545440413,3.3533904552459717
B0006,72.59618860483589,81.02324333027109,3.3979361057281494
B0006,72.59618860483589,80.77116183915352,3.6398279666900635
B0006,72.35742347388873,81.63843896556702,2.807607889175415
B0006,72.35742347388873,81.2702248924665,3.160938024520874
B0006,72.34269052829943,80.76685897600076,3.6439568996429443
B0006,72.34269052829943,80.71288808247706,3.6957461833953857
B0006,72.08370965142339,80.88572215424477,3.5298984050750732
B0006,72.08370965142339,81.24552827671073,3.184636354446411
B0006,79.67933296550063,80.97714743661035,3.442168712615967
B0006,79.67933296550063,80.92101219149156,3.496034860610962
B0006,77.31951188457819,81.11655443844387,3.308396816253662
B0006,75.73527958783049,81.179023971195,3.2484524250030518
B0006,75.73527958783049,81.06748097739529,3.3554866313934326
B0006,74.94893041667702,81.00155856964511,3.4187443256378174
B0006,74.94893041667702,81.2879640781493,3.143915891647339
B0006,74.15555372705246,80.77222774069674,3.6388051509857178
B0006,74.15555372705246,80.5138616543265,3.8867275714874268
B0006,73.6483241273414,80.91770218208394,3.499211072921753
B0006,73.6483241273414,80.91332428343793,3.5034120082855225
B0006,73.13802198049653,80.8105445407872,3.602037191390991
B0006,73.13802198049653,80.94495497384824,3.473059892654419
B0006,72.59182340531257,81.04772577187062,3.374443292617798
B0006,72.59182340531257,80.86928789045125,3.545668363571167
B0006,72.34335322015197,80.82514813731491,3.5880239009857178
B0006,72.34335322015197,80.90947014247328,3.507110357284546
B0006,72.06901997138895,81.01856280503307,3.4024274349212646
B0006,72.06901997138895,80.80758834112261,3.6048738956451416
B0006,71.5605372480387,80.85637383483119,3.55806040763855
B0006,71.5605372480387,80.72776598094036,3.681469678878784
B0006,71.30123589762857,80.94733474190905,3.470776319503784
B0006,71.30123589762857,81.40564134775327,3.0309953689575195
B0006,71.02438249830975,80.81780410052838,3.5950710773468018
B0006,71.02438249830975,80.5630277916631,3.8395488262176514
B0006,71.03503115177503,80.62864409435473,3.7765848636627197
B0006,71.03503115177503,80.91888187917652,3.4980790615081787
B0006,72.61279021654194,80.95627042561537,3.4622018337249756
B0006,71.57788163862855,80.8164320939266,3.5963876247406006
B0006,71.57788163862855,81.11384645221555,3.31099534034729
B0006,70.75078755794715,80.57106702484077,3.831834554672241
B0006,70.75078755794715,80.80450542588993,3.607832193374634
B0006,70.48655753258726,80.7114584327149,3.697118043899536
B0006,70.48655753258726,80.87616034655504,3.5390737056732178
B0006,70.24586590646545,80.84190589849989,3.571943521499634
B0006,70.24586590646545,81.11168284600616,3.3130714893341064
B0006,69.75821482857815,80.74955112017321,3.660565137863159
B0006,69.75821482857815,81.09318933000047,3.330817461013794
B0006,69.72671916307038,80.56776148774732,3.8350064754486084
B0006,69.72671916307038,80.59126101407765,3.8124568462371826
B0006,69.46585589656323,79.99704177453596,4.382656574249268
B0006,69.46585589656323,80.43643844223314,3.9610211849212646
B0006,69.19189736163904,80.84431796660746,3.569628953933716
B0006,69.19189736163904,80.8762328974293,3.53900408744812
B0006,68.68407119097562,80.74485916568788,3.665067434310913
B0006,68.68407119097562,80.8133119094092,3.599381685256958
B0006,68.93029945931838,80.88230133083057,3.5331809520721436
B0006,68.93029945931838,80.87150168596406,3.543544054031372
B0006,68.68800149554288,80.54473105748077,3.8571059703826904
B0006,68.68800149554288,81.11870984541063,3.306328535079956
B0006,68.41290291971356,80.83067144531157,3.58272385597229
B0006,68.41290291971356,80.9219235497341,3.4951603412628174
B0006,68.16512018658753,80.82180384016534,3.591233015060425
B0006,68.16512018658753,81.25195847063574,3.1784660816192627
B0006,67.904830700863,80.46916435269064,3.9296181201934814
B0006,67.904830700863,80.92282149103414,3.4942986965179443
B0006,67.66345454997655,81.1029732626272,3.3214290142059326
B0006,67.66345454997655,80.78561685546612,3.6259572505950928
B0006,67.66345454997655,80.92124624259965,3.4958102703094482
B0006,70.25733895325736,81.29823946841063,3.1340558528900146
B0006,68.93595113136764,80.81069809024028,3.6018898487091064
B0006,68.93595113136764,81.00853736744132,3.4120476245880127
B0006,68.41328891599532,80.74930862136058,3.6607978343963623
B0006,68.41328891599532,80.92411697137128,3.493055582046509
B0006,67.86575648309008,80.6954440695293,3.7124850749969482
B0006,67.86575648309008,80.27613654014796,4.114843368530273
B0006,67.62467319400798,80.85470963703715,3.559657335281372
B0006,67.62467319400798,81.31278219177328,3.120100975036621
B0006,67.37049575830618,80.78375140353455,3.6277472972869873
B0006,67.37049575830618,80.63034357373832,3.774954080581665
B0006,66.85037565421159,80.57040114695363,3.8324735164642334
B0006,66.85037565421159,80.94762146693955,3.470501184463501
B0006,66.56176483359263,80.96539344959292,3.4534475803375244
B0006,66.56176483359263,80.58738252384697,3.816178560256958
B0006,66.29651890863822,80.98498119179821,3.4346516132354736
B0006,66.29651890863822,81.20252995753467,3.2258965969085693
B0006,66.07893719337645,81.14966422253408,3.276625394821167
B0006,66.07893719337645,80.66704338379539,3.7397377490997314
B0006,66.06125370330544,80.79182194291138,3.6200029850006104
B0006,66.06125370330544,80.97865684264183,3.440720319747925
B0006,65.78242650931341,80.78294340544166,3.6285226345062256
B0006,65.78242650931341,80.6035976442463,3.800618886947632
B0006,65.78242650931341,80.40477594869985,3.991403818130493
B0006,66.30064036176807,80.95081122078845,3.467440366744995
B0006,65.50593392415531,80.81609070727849,3.596715211868286
B0006,65.50593392415531,80.96394094133613,3.454841375350952
B0006,65.2608101146965,80.77719200942248,3.6340415477752686
B0006,65.2608101146965,80.9477397348031,3.4703876972198486
B0006,65.02030975677887,80.5676958938062,3.835069417953491
B0006,65.02030975677887,80.86621242907552,3.548619508743286
B0006,65.0117867920558,80.57473332861039,3.8283164501190186
B0006,65.0117867920558,81.17868059685169,3.24878191947937
B0006,64.47533361240377,80.81083126581771,3.601762056350708
B0006,64.47533361240377,80.91391139890334,3.5028486251831055
B0006,63.96265286923975,80.4066856268493,3.9895713329315186
B0006,63.96265286923975,80.50873936383353,3.8916428089141846
B0006,63.96039085857309,80.76976498636193,3.6411683559417725
B0006,63.96039085857309,80.50835027250096,3.8920161724090576
B0006,63.70183804514616,81.07271905113282,3.3504602909088135
B0006,63.70183804514616,81.00698199595868,3.4135401248931885
B0006,63.70636961500734,80.81675012515628,3.5960824489593506
B0006,63.70636961500734,81.01808923665514,3.4028818607330322
B0006,63.188197132203896,80.81259733299001,3.600067377090454
B0006,63.188197132203896,81.37380170088659,3.0615479946136475
B0006,62.906868444776165,81.71152303907049,2.737478017807007
B0006,62.906868444776165,80.9756196443984,3.4436347484588623
B0006,62.66299320276505,80.75907565857823,3.65142560005188
B0006,62.66299320276505,81.04024855950665,3.3816182613372803
B0006,62.661566577467134,80.78364257722315,3.627851724624634
B0006,62.661566577467134,80.82385663236815,3.5892632007598877
B0006,62.40437480156788,81.55460941189085,2.8880488872528076
B0006,62.40437480156788,81.00046831883587,3.419790506362915
B0006,62.67177142472422,81.33817996700573,3.0957298278808594
B0006,62.67177142472422,80.80247698295315,3.609778642654419
B0006,64.49024386633451,81.14464877065733,3.281438112258911
B0006,63.17701010879417,81.34901762654266,3.0853302478790283
B0006,63.17701010879417,81.05984325864509,3.3628156185150146
B0006,62.39880853421427,80.60493685387753,3.7993338108062744
B0006,62.39880853421427,80.49072090697716,3.90893292427063
B0006,61.60601438971667,80.96042918086718,3.4582111835479736
B0006,61.60601438971667,80.56610424688643,3.836596727371216
B0006,61.35568833106767,81.19265608170079,3.2353713512420654
B0006,61.35568833106767,81.24637553178354,3.183823347091675
B0006,61.08698790688678,81.2990223718518,3.1333045959472656
B0006,61.08698790688678,81.2642419299582,3.1666791439056396
B0006,60.5551339457587,80.74576456084488,3.664198637008667
B0006,60.5551339457587,81.06730059405722,3.3556597232818604
B0006,60.28079882565868,80.6885731041969,3.719078302383423
B0006,60.28079882565868,81.35298655690426,3.08152174949646
B0006,60.044681313586366,80.88514920110757,3.5304481983184814
B0006,60.044681313586366,80.87275095238815,3.5423452854156494
B0006,59.52951992779168,80.75933306510474,3.6511785984039307
B0006,59.52951992779168,81.14750161017228,3.278700590133667
B0006,59.25896255209705,80.55883276097416,3.843574285507202
B0006,59.25896255209705,80.87811077245578,3.5372021198272705
B0006,58.983534090723126,81.1261318992332,3.299206495285034
B0006,58.983534090723126,80.95996058172722,3.458660840988159
B0006,58.729764183769575,80.72380003212155,3.6852753162384033
B0006,58.729764183769575,81.30498570587014,3.127582311630249
B0006,57.6909165798125,81.45871902075301,2.9800631999969482
B0006,57.6909165798125,80.89294196008223,3.52297043800354
B0006,58.22004778686132,81.05896370352552,3.363659620285034
B0006,58.22004778686132,80.83826791938667,3.575434446334839
B0006,57.93987473958035,80.83637662741768,3.57724928855896
B0006,57.93987473958035,80.8664325663173,3.548408269882202
B0006,57.93987473958035,80.98138942659806,3.438098192214966
B0006,59.283761639646784,80.86549984035152,3.5493032932281494
B0007,94.03902718804883,86.26667005516846,-1.6335409879684448
B0007,94.03902718804883,89.71034165284101,-4.938012599945068
B0007,94.07360798721798,85.89128027821742,-1.2733252048492432
B0007,94.07360798721798,87.85586254407907,-3.1584951877593994
B0007,94.05477156622392,86.0597721056215,-1.4350062608718872
B0007,94.05477156622392,87.8466451045802,-3.1496503353118896
B0007,93.55044824889998,86.43557755932822,-1.7956209182739258
B0007,93.55044824889998,90.13485818591779,-5.345369338989258
B0007,93.50997575970688,87.3012419195606,-2.626293420791626
B0007,93.50997575970688,90.1227575945524,-5.3337578773498535
B0007,93.53357681400492,86.63461752865223,-1.9866153001785278
B0007,93.53357681400492,87.38782144952586,-2.7093732357025146
B0007,92.98062322010084,86.91118705176203,-2.2520053386688232
B0007,92.98062322010084,88.41054130868173,-3.6907527446746826
B0007,93.0016954859173,87.47694274470956,-2.7948920726776123
B0007,93.0016954859173,89.59708725348662,-4.829336166381836
B0007,92.95826554580384,86.39287963058706,-1.7546489238739014
B0007,92.95826554580384,90.09232647818652,-5.304556846618652
B0007,92.40699089389145,87.2749864538556,-2.6010992527008057
B0007,92.40699089389145,89.33221941616468,-4.575174808502197
B0007,92.4600851063082,86.49120358178668,-1.8489984273910522
B0007,92.4600851063082,89.55066960166774,-4.784794807434082
B0007,94.17338718975424,85.78191430756962,-1.1683800220489502
B0007,93.14105558952922,86.82997752880223,-2.1740784645080566
B0007,93.14105558952922,86.89629499097053,-2.237715244293213
B0007,92.6042519826176,85.8191829711426,-1.2041422128677368
B0007,92.6042519826176,85.32339439718581,-0.7283943891525269
B0007,92.34752324104352,86.68283367192113,-2.0328824520111084
B0007,92.34752324104352,87.83953313120657,-3.1428258419036865
B0007,91.8414215584509,85.48792015154012,-0.8862696886062622
B0007,91.8414215584509,88.07313054787056,-3.366980791091919
B0007,91.85809809836137,86.18549618649105,-1.5556483268737793
B0007,91.85809809836137,87.9416263736326,-3.2407922744750977
B0007,91.58361291859428,85.20340195961454,-0.6132522821426392
B0007,91.58361291859428,85.73422490352488,-1.122618317604065
B0007,91.05735475658892,84.91816419097408,-0.3395443856716156
B0007,91.05735475658892,87.91776980755459,-3.217900037765503
B0007,90.82530457557574,86.88378195285415,-2.2257080078125
B0007,90.82530457557574,86.26109519132794,-1.6281914710998535
B0007,90.56907800752278,84.23064657693189,0.3201824128627777
B0007,90.56907800752278,85.46664845881988,-0.8658578395843506
B0007,90.58028166969792,86.59378691530688,-1.9474351406097412
B0007,90.58028166969792,87.78078530922836,-3.0864527225494385
B0007,90.302744777787,85.58762853243643,-0.981947660446167
B0007,90.302744777787,87.74044006620112,-3.0477383136749268
B0007,90.302744777787,86.00844770400633,-1.385756492614746
B0007,90.31320969141768,84.19066408827598,0.35854873061180115
B0007,89.79155124950229,84.36706383674455,0.18927940726280212
B0007,89.79155124950229,84.13085825341983,0.4159370958805084
B0007,89.29426300195226,83.46341160891717,1.0564042329788208
B0007,89.29426300195226,83.62359002543894,0.9027005434036255
B0007,89.01634302251377,84.04349345962535,0.4997704327106476
B0007,90.75378449787787,84.0772039624699,0.46742257475852966
B0007,90.7851257742292,84.02219782138967,0.5202052593231201
B0007,90.7851257742292,84.83246092400823,-0.25730541348457336
B0007,90.01216089028337,83.56882964423376,0.9552474021911621
B0007,90.01216089028337,83.67295928037731,0.8553268909454346
B0007,89.52238102804654,83.94943177911588,0.5900299549102783
B0007,89.52238102804654,84.02746856786682,0.5151475667953491
B0007,89.0171516150066,84.39813169884,0.15946736931800842
B0007,89.0171516150066,83.74225766416909,0.7888296842575073
B0007,88.7664384798406,83.46936897984995,1.0506876707077026
B0007,88.7664384798406,84.31187537121767,0.24223704636096954
B0007,88.51314867366426,83.24604136305457,1.2649879455566406
B0007,88.51314867366426,83.92093754747731,0.6173723936080933
B0007,88.0040530927102,83.29974503580678,1.213455080986023
B0007,88.0040530927102,84.63123844984169,-0.064216747879982
B0007,87.48237967688445,83.62035095190326,0.905808687210083
B0007,87.48237967688445,84.48647088255483,0.0746990293264389
B0007,87.48250375296554,83.8565703869788,0.6791377067565918
B0007,87.48250375296554,83.92694933156578,0.6116036176681519
B0007,87.25143696073415,82.53024027517894,1.951854944229126
B0007,87.25143696073415,84.41093456776062,0.14718201756477356
B0007,86.98228727643364,84.0684673588595,0.47580602765083313
B0007,86.98228727643364,84.25772867537212,0.2941950261592865
B0007,86.42821138858982,82.91505644808522,1.5825937986373901
B0007,86.42821138858982,83.50172741516005,1.0196372270584106
B0007,86.1950162294209,83.55756922677708,0.9660526514053345
B0007,86.1950162294209,84.61822218320827,-0.05172662436962128
B0007,85.69894388242597,83.62364021474238,0.902652382850647
B0007,85.69894388242597,84.02539987410253,0.5171326398849487
B0007,85.69850998502307,83.79341969593382,0.7397357225418091
B0007,85.69850998502307,83.5384036213368,0.9844435453414917
B0007,85.18260586819383,84.43813779137623,0.12107840180397034
B0007,85.20068737191244,83.66331336833504,0.864582896232605
B0007,84.67858078671516,83.30969767406236,1.2039047479629517
B0007,84.67858078671516,83.93175483313857,0.6069923639297485
B0007,84.38288681938828,83.37582071479534,1.1404545307159424
B0007,84.38288681938828,84.313367415974,0.24080531299114227
B0007,84.15372178291575,83.06206837169839,1.4415243864059448
B0007,84.15372178291575,84.16650129290846,0.38173481822013855
B0007,83.89635071012741,83.758825227771,0.7729318141937256
B0007,83.89635071012741,83.81865634362529,0.7155191898345947
B0007,83.66030137983086,83.85065848457339,0.6848106384277344
B0007,83.66030137983086,83.38885316250988,1.1279488801956177
B0007,83.37183604126994,83.53167365813162,0.9909014701843262
B0007,83.37183604126994,83.82424847556774,0.7101531028747559
B0007,83.11331315333763,83.7815893068827,0.7510879039764404
B0007,83.11331315333763,83.72890755791772,0.8016401529312134
B0007,82.87121532881531,83.57458700333851,0.9497227668762207
B0007,82.87121532881531,83.43768300666729,1.0810928344726562
B0007,82.6269342464367,83.38820256502947,1.1285731792449951
B0007,82.6269342464367,84.08758234018802,0.45746371150016785
B0007,82.3608731378666,83.67389362134544,0.8544303178787231
B0007,82.3608731378666,83.53783352551142,0.9849905967712402
B0007,81.82068405449036,83.80764724537862,0.7260832786560059
B0007,81.82068405449036,83.35154337849275,1.1637505292892456
B0007,81.81277156024248,82.88160167464937,1.6146962642669678
B0007,82.0559589609192,84.12791503588942,0.41876134276390076
B0007,81.57850394828483,83.525408442907,0.9969134330749512
B0007,81.57850394828483,83.97455599779843,0.5659213066101074
B0007,81.0606641493618,83.65014078810992,0.877223014831543
B0007,81.0606641493618,84.07451268530423,0.470005065202713
B0007,80.82136607381061,83.50455665079468,1.0169223546981812
B0007,80.82136607381061,84.3458935009499,0.2095939964056015
B0007,80.79117550809605,83.0654274523309,1.4383010864257812
B0007,80.79117550809605,82.50069989471805,1.980201244354248
B0007,80.83620901489451,82.29135509239778,2.181083917617798
B0007,80.83620901489451,83.27160647737546,1.240456223487854
B0007,80.54327931865014,83.7427002990407,0.7884049415588379
B0007,80.54327931865014,84.08065783131656,0.46410831809043884
B0007,80.03301687154688,83.21015973802821,1.2994191646575928
B0007,80.03301687154688,83.75389474986342,0.777662992477417
B0007,79.79587243502831,82.50667850914313,1.9744642972946167
B0007,79.79587243502831,84.01362849475223,0.5284281969070435
B0007,79.81089759731121,82.78495807126718,1.7074333429336548
B0007,79.81089759731121,83.13526499844173,1.3712865114212036
B0007,79.79032557316987,81.95019131461453,2.5084571838378906
B0007,79.79032557316987,83.07453445051601,1.4295622110366821
B0007,79.53253910740352,82.55144028664155,1.9315118789672852
B0007,79.53253910740352,83.44180548648197,1.0771369934082031
B0007,84.44105580927753,82.28384930691551,2.188286304473877
B0007,84.44105580927753,83.07461992140898,1.4294801950454712
B0007,81.29969139866601,83.1277200802105,1.3785264492034912
B0007,80.78716931406449,82.8212556215111,1.6726030111312866
B0007,80.78716931406449,83.48828662031585,1.0325347185134888
B0007,80.28313382423269,82.88295902199917,1.613393783569336
B0007,80.28313382423269,83.13664644659563,1.369960904121399
B0007,79.74873460762174,82.72407819774065,1.7658523321151733
B0007,79.74873460762174,83.02865037062348,1.4735915660858154
B0007,79.52051219435972,83.02643359356787,1.4757187366485596
B0007,79.52051219435972,83.39922719214479,1.1179941892623901
B0007,79.26758531494089,82.04035167745644,2.4219412803649902
B0007,79.26758531494089,83.37783623771341,1.1385204792022705
B0007,78.99868573621188,82.77974583756706,1.7124348878860474
B0007,78.99868573621188,83.16766020611276,1.3402007818222046
B0007,78.76092732639034,82.79644496174406,1.6964107751846313
B0007,78.76092732639034,83.54572740847864,0.9774158000946045
B0007,78.4899242324434,83.09866743045575,1.406404733657837
B0007,78.4899242324434,82.56356460611823,1.9198776483535767
B0007,78.51282687975178,83.06543428503309,1.438294529914856
B0007,78.51282687975178,83.49298863750803,1.0280227661132812
B0007,78.2624936954719,82.08906660798594,2.3751955032348633
B0007,78.2624936954719,82.61297423611505,1.8724652528762817
B0007,77.98169667805736,82.26684705922273,2.204601287841797
B0007,77.98169667805736,82.94411791823735,1.5547070503234863
B0007,78.24910266696052,82.51230443190373,1.96906578540802
B0007,78.24910266696052,83.4493010850264,1.0699443817138672
B0007,78.7489749921135,83.38468397185834,1.131949543952942
B0007,78.2640558439023,82.3734801974524,2.102278470993042
B0007,78.2640558439023,83.02721848470424,1.4749655723571777
B0007,77.9877748735063,82.28508118100672,2.1871042251586914
B0007,77.9877748735063,82.80226990248511,1.6908212900161743
B0007,77.49488428352494,83.36680825636248,1.1491026878356934
B0007,77.49488428352494,82.53861008691214,1.9438234567642212
B0007,77.1938576567251,82.28243804333383,2.189640522003174
B0007,77.1938576567251,82.98367056780938,1.5167531967163086
B0007,77.25093744345037,82.45978617086776,2.019461154937744
B0007,77.25093744345037,82.33363088437392,2.140516996383667
B0007,77.22970077051454,83.0662217850194,1.4375388622283936
B0007,77.22970077051454,83.37007540609267,1.1459676027297974
B0007,76.71543360879438,82.87632335008435,1.6197612285614014
B0007,76.71543360879438,82.70299483913924,1.786083459854126
B0007,76.43801971479242,83.0692523990225,1.4346307516098022
B0007,76.43801971479242,83.35122224148935,1.1640586853027344
B0007,76.44630124589922,81.88636617374692,2.569702386856079
B0007,76.44630124589922,83.06867534626397,1.4351844787597656
B0007,76.45458250665615,82.51378240750508,1.9676475524902344
B0007,76.45458250665615,83.32550655925817,1.1887348890304565
B0007,76.19529662330623,82.21322351543269,2.2560572624206543
B0007,76.19529662330623,82.66282202866932,1.8246324062347412
B0007,75.93337709550308,81.88119120933153,2.5746681690216064
B0007,75.93337709550308,83.18396241240741,1.3245575428009033
B0007,75.68241133213476,82.19454216223197,2.2739834785461426
B0007,75.68241133213476,82.49727671091581,1.9834860563278198
B0007,75.68025092614516,82.73142148914151,1.7588058710098267
B0007,75.68025092614516,83.25700524123577,1.254467248916626
B0007,75.69735307433983,81.90351700165482,2.5532448291778564
B0007,75.69735307433983,81.90278552982657,2.5539467334747314
B0007,75.69735307433983,82.92515592732263,1.5729025602340698
B0007,76.95686399326549,83.1828899266239,1.3255866765975952
B0007,76.18123986419369,82.13440494131912,2.3316898345947266
B0007,76.18123986419369,82.52545937133407,1.9564425945281982
B0007,75.67906517794573,82.41469605097087,2.0627286434173584
B0007,75.67906517794573,82.23510406403443,2.2350611686706543
B0007,75.38925374923957,82.21678621059075,2.252638578414917
B0007,75.38925374923957,82.4389879222945,2.0394186973571777
B0007,75.15980338018666,81.91842521246971,2.5389392375946045
B0007,75.15980338018666,82.81185171135766,1.681626796722412
B0007,74.89110298497941,82.46809200366218,2.011491060256958
B0007,74.89110298497941,81.67937927484041,2.768322467803955
B0007,74.6424267316758,82.814091098446,1.6794779300689697
B0007,74.6424267316758,82.30587247264681,2.1671533584594727
B0007,74.62071949335129,82.15022500730034,2.316509246826172
B0007,74.62071949335129,82.19953798561876,2.2691895961761475
B0007,74.37413882690404,81.9950923550069,2.4653711318969727
B0007,74.37413882690404,82.40832449405383,2.068842649459839
B0007,74.12675743202055,81.87647788712296,2.579190969467163
B0007,74.12675743202055,82.15447768114967,2.3124284744262695
B0007,74.13937161114492,82.39223956768913,2.084277391433716
B0007,74.13937161114492,81.83405947801727,2.6198947429656982
B0007,73.84855898875296,82.02991975619926,2.4319515228271484
B0007,73.84855898875296,82.32442561950808,2.149350166320801
B0007,73.84855898875296,81.66242647106537,2.784590005874634
B0007,74.10387607196436,82.58097780979061,1.9031683206558228
B0007,73.85577656406076,82.26027250893486,2.2109100818634033
B0007,73.85577656406076,82.66599439018535,1.8215882778167725
B0007,73.60386391528245,81.9892199580433,2.471006155014038
B0007,73.60386391528245,83.20919496047756,1.3003449440002441
B0007,73.6124006828227,81.80739280787078,2.6454834938049316
B0007,73.6124006828227,81.5601593053106,2.882723331451416
B0007,73.35053336137332,81.72730086652902,2.7223379611968994
B0007,73.35053336137332,82.18105788655558,2.2869226932525635
B0007,73.08836247667689,82.0246431708675,2.4370148181915283
B0007,73.08836247667689,81.2762734489159,3.1551339626312256
B0007,72.83476335244853,82.14566573146864,2.3208842277526855
B0007,72.83476335244853,82.03022660664351,2.431657075881958
B0007,72.5677486379478,81.81847147544894,2.634852647781372
B0007,72.5677486379478,81.79508624159179,2.657292604446411
B0007,72.58079631286874,81.27811480004335,3.153367042541504
B0007,72.58079631286874,81.55168849381579,2.8908517360687256
B0007,72.34080666086842,81.128487318028,3.2969462871551514
B0007,72.34080666086842,81.93160189231614,2.5262951850891113
B0007,72.33785303884392,81.19568831070625,3.23246169090271
B0007,72.33785303884392,81.91928812064211,2.5381112098693848
B0007,72.06898740723396,81.04325370616519,3.378734588623047
B0007,72.06898740723396,81.30958249944847,3.123171329498291
B0007,71.8122812610409,82.1741963627753,2.2935068607330322
B0007,71.8122812610409,81.88185857799006,2.5740277767181396
B0007,71.84077076962414,81.44762867546562,2.9907052516937256
B0007,71.84077076962414,81.83554950402068,2.618464946746826
B0007,71.81472572930024,81.787037566862,2.665015935897827
B0007,71.81472572930024,81.65462998516223,2.7920713424682617
B0007,72.09287657939008,81.72496706391937,2.7245774269104004
B0007,72.09287657939008,82.01532932815215,2.4459521770477295
B0007,73.36031742390898,81.70191799901046,2.746694803237915
B0007,72.59320183924443,81.23384758595326,3.195844888687134
B0007,72.59320183924443,81.93880877813488,2.5193796157836914
B0007,72.35689876374249,81.89086482487545,2.565385580062866
B0007,72.35689876374249,82.33897380903248,2.135390043258667
B0007,72.08952932811995,81.88989259346786,2.5663185119628906
B0007,72.08952932811995,81.9175367127218,2.5397918224334717
B0007,71.58154739555555,81.81927549815147,2.6340811252593994
B0007,71.58154739555555,81.70430323323303,2.74440598487854
B0007,71.59042124836843,81.31210066078657,3.1207549571990967
B0007,71.59042124836843,81.4179173532188,3.0192155838012695
B0007,71.31281292553435,81.72291899249262,2.7265427112579346
B0007,71.31281292553435,81.8540524615785,2.600709915161133
B0007,71.30438764462457,81.8489199841477,2.605634927749634
B0007,71.30438764462457,81.6266022407375,2.8189661502838135
B0007,71.06316755015847,80.92771544504268,3.489602565765381
B0007,71.06316755015847,81.53029592438209,2.91137957572937
B0007,70.81636374397554,81.3738290316954,3.0615217685699463
B0007,70.81636374397554,81.24389836665863,3.1862003803253174
B0007,70.82890914587998,81.31524270995101,3.1177399158477783
B0007,70.82890914587998,81.83532315523144,2.6186821460723877
B0007,70.54200864712588,82.10382897166659,2.361029863357544
B0007,70.54200864712588,82.1502021488057,2.316531181335449
B0007,70.54974814173902,81.24797512948405,3.182288408279419
B0007,70.54974814173902,81.49845056289173,2.9419376850128174
B0007,70.30857145199401,81.73167826825123,2.718137502670288
B0007,70.30857145199401,81.59557233119699,2.8487417697906494
B0007,70.31679239846461,81.68914233666769,2.7589540481567383
B0007,70.31679239846461,81.67548388920068,2.7720603942871094
B0007,70.02276199533257,81.76878406504994,2.6825315952301025
B0007,70.02276199533257,81.73113214899902,2.7186615467071533
B0007,70.02276199533257,81.75319680786733,2.697488784790039
B0007,71.62276360312717,81.33804455527122,3.0958597660064697
B0018,92.75022603955408,80.98132333573314,3.438161611557007
B0018,92.75022603955408,81.74176482746995,2.708458662033081
B0018,92.15977658544992,81.11060576367754,3.3141050338745117
B0018,92.15977658544992,81.78569835723077,2.6663010120391846
B0018,91.98009212177712,81.5419840689965,2.9001638889312744
B0018,91.98009212177712,82.4091215598232,2.068077802658081
B0018,91.53368022481028,81.0119894970547,3.4087350368499756
B0018,91.53368022481028,81.8640041059865,2.591160535812378
B0018,90.21490260483824,82.11179565396999,2.3533852100372314
B0018,90.21490260483824,81.90235370304752,2.55436110496521
B0018,89.1735361420963,81.64643720253149,2.7999329566955566
B0018,89.1735361420963,82.19088579693828,2.277492046356201
B0018,87.31098708207547,82.11568308882899,2.3496549129486084
B0018,87.31098708207547,81.75307058922304,2.6976099014282227
B0018,85.37510686636314,81.41604320512079,3.0210139751434326
B0018,85.37510686636314,81.6910858056353,2.757089138031006
B0018,84.96339175633435,81.70282389109124,2.7458255290985107
B0018,84.96339175633435,82.09534946400534,2.369166612625122
B0018,82.85962287916043,81.95339846079631,2.5053796768188477
B0018,82.85962287916043,81.88640418841734,2.5696659088134766
B0018,80.70033255233793,82.15523399916773,2.3117027282714844
B0018,80.70033255233793,81.9490061513602,2.509594440460205
B0018,80.54514189124689,81.74956677953485,2.700972080230713
B0018,80.54514189124689,82.92885055574864,1.5693572759628296
B0018,83.03293448887096,81.84424368276196,2.6101222038269043
B0018,80.28683411877672,82.0075902369475,2.453378438949585
B0018,80.28683411877672,82.11731498657628,2.3480889797210693
B0018,79.33005910349412,81.65773774658473,2.7890892028808594
B0018,79.33005910349412,81.90934939625281,2.5476481914520264
B0018,76.60806507979932,81.65885160127429,2.788020372390747
B0018,76.60806507979932,81.91807339042188,2.5392768383026123
B0018,74.81767058743229,81.56522569187649,2.877861738204956
B0018,74.81767058743229,82.09913850795266,2.3655307292938232
B0018,74.16619259700616,81.9984316829185,2.4621667861938477
B0018,72.39330494445699,81.81221744100974,2.6408538818359375
B0018,72.39330494445699,81.96838245249013,2.4910013675689697
B0018,71.24513375002448,81.76005137471445,2.690911293029785
B0018,71.24513375002448,81.89150685042037,2.5647695064544678
B0018,70.77273922185357,81.5627756090985,2.8802127838134766
B0018,70.2840017709614,81.80350214300711,2.649216890335083
B0018,70.2840017709614,81.83454223948543,2.619431495666504
B0018,68.92825707833356,81.80740200096102,2.645474672317505
B0018,68.92825707833356,81.42707864032866,3.0104246139526367
B0018,67.83570543544823,81.84109890051664,2.6131398677825928
B0018,67.83570543544823,81.58210867785816,2.861661195755005
B0018,70.73937258776216,82.3559725782587,2.1190783977508545
B0018,69.30135727104823,81.77927785331978,2.672461986541748
B0018,69.30135727104823,81.77376448379906,2.6777524948120117
B0018,67.31154382004401,81.68942036553176,2.7586872577667236
B0018,67.31154382004401,81.85550993907324,2.599311351776123
B0018,68.50939169210464,81.58750402797723,2.8564839363098145
B0018,67.59323017652616,81.30383806036242,3.128683567047119
B0018,67.59323017652616,81.96450594995466,2.4947211742401123
